ROI,ICC,CI95_low,CI95_high,F,pval
Noise_WAA,0.8118824139634019,0.54,0.93,9.631648226715502,3.78365245823856e-05
Speech_WAA,0.724612675342133,0.37,0.89,6.262498382903937,0.0005005290530013055
Noise_GLM,0.7402835358297688,0.4,0.9,6.7007054843049945,0.00033919752320110685
Speech_GLM,0.4631135931913183,-0.02,0.77,2.7251827847314,0.030595176462234287
Left_Auditory,0.6500095856836031,0.24,0.86,4.714442219528815,0.002366558682384717
Right_Auditory,0.7112847645782678,0.35,0.89,5.9272409441038345,0.0006833835323129245
Visual,0.04987379149635272,-0.44,0.52,1.104983508611764,0.42461969197540717
Front,0.13303891813680527,-0.37,0.58,1.3069086281263975,0.30536758316720736
