ROI,ICC,CI95_low,CI95_high,F,pval
Noise_WAA,0.5448338073564035,0.09,0.81,3.3939994497043786,0.011861782203472969
Speech_WAA,0.4934996551484344,0.01,0.79,2.948664636321457,0.022050359898573322
Noise_GLM,0.7364825905121202,0.39,0.9,6.5896313791441825,0.00037367053055905485
Speech_GLM,0.6614237934432294,0.26,0.87,4.9070896337916485,0.0019168578513337152
Left_Auditory,0.38956087163779984,-0.11,0.73,2.276329951793839,0.06109276321319334
Right_Auditory,0.5156162610553019,0.04,0.8,3.128957764679089,0.017067507083846876
Visual,0.10659002573573638,-0.4,0.56,1.238613914789825,0.34194154661743664
Front,0.6537197660904059,0.25,0.86,4.775668964466956,0.002211907025116076
